Datetime,S1_Temp,S2_Temp,S3_Temp,S4_Temp,S1_Light,S2_Light,S3_Light,S4_Light,S1_Sound,S2_Sound,S3_Sound,S4_Sound,S5_CO2,S5_CO2_Slope,S6_PIR,S7_PIR,Room_Occupancy_Count,hour,dayofweek,is_weekend,occupancy_lag_1h,occupancy_lag_2h,occupancy_lag_24h,occupancy_rolling_mean_2h
2017-12-23 11:00:00,25.19,25.179655172413796,24.855862068965514,25.762758620689656,12.206896551724139,13.758620689655173,56.89655172413793,40.275862068965516,0.08241379310344828,0.054137931034482764,0.06482758620689656,0.05931034482758621,357.7586206896552,-0.07135278514593965,0.0,0.0,0,11,5,1,0.0,0.0,1.0,0.0
2017-12-23 11:15:00,25.19,25.19,24.908,25.817666666666664,13.633333333333333,15.066666666666666,62.0,43.666666666666664,0.08533333333333333,0.056666666666666664,0.06899999999999999,0.06199999999999999,359.0,0.05487179487182,0.0,0.0,0,11,5,1,0.0,0.0,1.0,0.0
2017-12-23 11:30:00,25.196206896551725,25.192068965517244,24.948275862068964,25.827241379310344,14.0,15.827586206896552,64.13793103448276,45.37931034482759,0.07999999999999999,0.05241379310344828,0.06275862068965518,0.06103448275862069,359.13793103448273,-0.0018567639257313783,0.0,0.0,0,11,5,1,0.0,0.0,2.0,0.0
2017-12-23 11:45:00,25.314137931034484,25.25,24.99586206896552,25.843793103448274,94.27586206896552,30.75862068965517,65.17241379310344,46.51724137931034,0.42344827586206896,0.16551724137931034,0.17034482758620692,0.10172413793103449,359.6551724137931,0.026790450928360344,0.3448275862068966,0.13793103448275862,1,11,5,1,0.0,0.0,2.0,0.0
2017-12-23 12:00:00,25.46896551724138,25.295517241379308,25.061034482758622,25.886206896551723,123.27586206896552,36.827586206896555,68.13793103448276,48.86206896551724,0.5606896551724138,0.20655172413793105,0.21965517241379312,0.1217241379310345,364.48275862068965,0.18461538461538965,0.41379310344827586,0.0,1,12,5,1,0.0,0.0,2.0,0.125
2017-12-23 12:15:00,25.57793103448276,25.31,25.1151724137931,25.929655172413796,123.3103448275862,37.44827586206897,69.55172413793103,50.10344827586207,0.7058620689655172,0.24517241379310345,0.18586206896551724,0.1382758620689655,371.2068965517241,0.19734748010608621,0.5517241379310345,0.0,1,12,5,1,0.0,0.0,2.0,0.25
2017-12-23 12:30:00,25.65896551724138,25.38,25.17551724137931,25.983448275862067,123.51724137931035,38.51724137931034,71.17241379310344,51.310344827586206,0.5486206896551724,0.17275862068965517,0.1482758620689655,0.11241379310344829,377.9310344827586,0.2705570291777931,0.27586206896551724,0.0,1,12,5,1,0.0,0.0,2.0,0.375
2017-12-23 12:45:00,25.728571428571428,25.508928571428573,25.21357142857143,26.037499999999998,145.78571428571428,183.92857142857142,74.10714285714286,54.42857142857143,0.8832142857142857,0.9935714285714285,0.3075,0.24857142857142858,384.2857142857143,0.22362637362637858,0.5714285714285714,0.5,2,12,5,1,1.0,0.0,3.0,0.5
2017-12-23 13:00:00,25.841379310344827,25.727241379310346,25.285862068965518,26.166551724137932,159.6551724137931,248.79310344827587,77.6896551724138,57.724137931034484,0.5262068965517241,0.9420689655172414,0.24275862068965517,0.18724137931034482,415.3448275862069,1.1805039787795173,0.6551724137931034,0.20689655172413793,2,13,5,1,1.0,0.0,3.0,0.75
2017-12-23 13:15:00,25.9,25.884,25.354333333333333,26.224,160.4,249.53333333333333,79.0,58.766666666666666,0.6046666666666667,0.7636666666666667,0.2786666666666667,0.20666666666666667,480.6666666666667,2.40423076923085,0.43333333333333335,0.23333333333333334,2,13,5,1,1.0,0.0,3.0,1.0
2017-12-23 13:30:00,25.952857142857145,25.991785714285715,25.39892857142857,26.252142857142854,161.21428571428572,252.10714285714286,82.17857142857143,61.25,0.8664285714285714,1.2089285714285716,0.35285714285714287,0.2935714285714286,507.14285714285717,1.012500000000093,0.35714285714285715,0.14285714285714285,2,13,5,1,1.0,0.0,3.0,1.25
2017-12-23 13:45:00,26.032,26.958000000000002,25.46,26.300666666666665,160.9,248.86666666666667,81.06666666666666,60.6,0.7273333333333334,0.9236666666666667,0.29100000000000004,0.266,585.6666666666666,2.353076923077,0.5,0.2,2,13,5,1,2.0,1.0,3.0,1.5
2017-12-23 14:00:00,26.074999999999996,27.134999999999998,25.504285714285714,26.374285714285715,108.35714285714286,164.53571428571428,73.82142857142857,54.642857142857146,0.6853571428571428,0.8950000000000001,0.27,0.2735714285714286,633.3928571428571,1.7559065934071072,0.32142857142857145,0.10714285714285714,2,14,5,1,2.0,1.0,3.0,1.625
2017-12-23 14:15:00,25.964827586206898,27.018620689655172,25.533103448275863,26.320689655172412,14.482758620689655,14.793103448275861,71.10344827586206,51.48275862068966,0.07689655172413792,0.06758620689655172,0.06758620689655172,0.06413793103448276,635.8620689655172,-0.1251989389925138,0.0,0.0,0,14,5,1,2.0,1.0,3.0,1.75
2017-12-23 14:30:00,25.896206896551725,26.95241379310345,25.518620689655172,26.28551724137931,14.03448275862069,14.586206896551724,70.3103448275862,51.03448275862069,0.16931034482758622,0.1093103448275862,0.14241379310344826,0.07793103448275863,569.6551724137931,-2.658620689654352,0.13793103448275862,0.034482758620689655,0,14,5,1,2.0,1.0,0.0,1.625
2017-12-23 14:45:00,25.842499999999998,26.916428571428572,25.512857142857143,26.26928571428571,12.285714285714286,12.892857142857142,62.142857142857146,45.142857142857146,0.15892857142857145,0.1335714285714286,0.15607142857142858,0.0975,533.9285714285714,-0.8325549450547143,0.03571428571428571,0.0,0,14,5,1,2.0,2.0,0.0,1.5
2017-12-23 15:00:00,25.801724137931036,26.841379310344827,25.526896551724136,26.260344827586206,10.758620689655173,11.413793103448276,58.37931034482759,42.51724137931034,0.08931034482758622,0.06517241379310346,0.08655172413793104,0.06517241379310344,488.7931034482759,-1.8149867374013793,0.0,0.0,0,15,5,1,2.0,2.0,0.0,1.25
2017-12-23 15:15:00,25.764482758620687,26.810344827586206,25.5,26.241724137931033,34.10344827586207,13.517241379310345,51.44827586206897,37.275862068965516,0.19827586206896552,0.07793103448275863,0.07241379310344828,0.07310344827586207,443.2758620689655,-1.4708222811672758,0.06896551724137931,0.034482758620689655,1,15,5,1,0.0,2.0,1.0,1.0
2017-12-23 15:30:00,25.871724137931032,26.805862068965517,25.49793103448276,26.28103448275862,120.37931034482759,25.655172413793103,48.41379310344828,35.310344827586206,0.3262068965517242,0.10172413793103449,0.09724137931034484,0.07965517241379311,415.86206896551727,-0.8903183023872207,0.2413793103448276,0.0,1,15,5,1,0.0,2.0,1.0,0.875
2017-12-23 15:45:00,25.96,26.805999999999997,25.504,26.299333333333333,119.6,24.3,41.96666666666667,30.866666666666667,0.32966666666666666,0.113,0.09266666666666667,0.08600000000000001,442.6666666666667,1.0830769230761998,0.4,0.0,1,15,5,1,0.0,2.0,1.0,0.75
2017-12-23 16:00:00,26.02896551724138,26.789310344827587,25.516551724137933,26.313448275862065,118.75862068965517,22.655172413793103,33.51724137931034,23.96551724137931,0.41172413793103446,0.1006896551724138,0.09241379310344829,0.0813793103448276,479.6551724137931,1.1517241379314829,0.27586206896551724,0.10344827586206896,1,16,5,1,0.0,2.0,1.0,0.625
2017-12-23 16:15:00,26.06,26.80785714285714,25.52785714285714,26.335,117.21428571428571,21.035714285714285,26.25,19.285714285714285,0.46714285714285714,0.095,0.07964285714285714,0.08321428571428571,516.7857142857143,1.402884615384357,0.39285714285714285,0.0,1,16,5,1,1.0,0.0,1.0,0.5
2017-12-23 16:30:00,26.08961538461538,26.521153846153844,25.52076923076923,26.322307692307692,117.11538461538461,21.615384615384617,91.26923076923077,16.73076923076923,0.5442307692307693,0.1580769230769231,0.5665384615384615,0.15923076923076926,545.1923076923077,0.9494082840239616,0.2692307692307692,0.2692307692307692,2,16,5,1,1.0,0.0,2.0,0.625
2017-12-23 16:45:00,26.13,25.83413793103448,25.59206896551724,26.322413793103443,118.65517241379311,24.0,194.10344827586206,15.517241379310345,0.5944827586206898,0.3662068965517241,1.0927586206896551,0.2786206896551724,590.1724137931035,1.7175066313,0.4482758620689655,0.3793103448275862,2,16,5,1,1.0,0.0,2.0,0.875
2017-12-23 17:00:00,26.167241379310347,25.82689655172414,25.669310344827586,26.336206896551722,117.82758620689656,23.275862068965516,190.10344827586206,12.620689655172415,0.8444827586206898,0.3955172413793104,1.2010344827586206,0.3682758620689655,665.6896551724138,2.7160477453572414,0.27586206896551724,0.3448275862068966,2,17,5,1,1.0,0.0,2.0,1.125
2017-12-23 17:15:00,26.179655172413796,25.851034482758617,25.72103448275862,26.319655172413793,117.0,22.344827586206897,186.17241379310346,10.241379310344827,0.746551724137931,0.39413793103448275,1.1786206896551723,0.3686206896551724,721.2068965517242,1.8278514588863792,0.3448275862068966,0.41379310344827586,2,17,5,1,1.0,1.0,2.0,1.375
2017-12-23 17:30:00,26.192068965517244,25.961379310344828,25.768620689655172,26.306896551724137,140.06896551724137,177.75862068965517,186.20689655172413,10.89655172413793,0.7575862068965517,0.5289655172413793,1.266896551724138,0.36310344827586205,762.0689655172414,1.5680371352787825,0.3103448275862069,0.4827586206896552,3,17,5,1,2.0,1.0,3.0,1.5
2017-12-23 17:45:00,26.21,26.136666666666667,25.828666666666667,26.333333333333332,149.66666666666666,235.5,185.66666666666666,10.833333333333334,0.5036666666666666,0.30100000000000005,0.6496666666666667,0.17200000000000001,814.5,1.6224358974370001,0.36666666666666664,0.6666666666666666,3,17,5,1,2.0,1.0,3.0,1.75
2017-12-23 18:00:00,26.243571428571432,26.211428571428574,25.877499999999998,26.345,149.42857142857142,234.60714285714286,185.25,10.0,0.3710714285714286,0.43142857142857144,0.4942857142857143,0.16214285714285714,910.7142857142857,3.452335164835,0.10714285714285714,0.35714285714285715,3,18,5,1,2.0,1.0,3.0,2.0
2017-12-23 18:15:00,26.25,26.282142857142855,25.895,26.354642857142856,149.42857142857142,234.17857142857142,185.07142857142858,10.0,0.20750000000000002,0.33178571428571424,0.2596428571428571,0.11607142857142858,975.0,2.2523351648339287,0.25,0.35714285714285715,3,18,5,1,2.0,1.0,3.0,2.25
2017-12-23 18:30:00,26.259999999999998,26.364666666666665,25.908,26.371666666666666,143.36666666666667,184.66666666666666,185.26666666666668,9.3,0.2803333333333333,0.4056666666666667,0.5896666666666667,0.19233333333333336,1036.3333333333333,2.1188461538466665,0.3333333333333333,0.5,3,18,5,1,3.0,2.0,3.0,2.5
2017-12-23 18:45:00,26.258275862068967,26.321379310344824,25.93793103448276,26.33206896551724,114.82758620689656,18.689655172413794,179.9655172413793,7.0,0.553103448275862,0.3172413793103448,1.0020689655172412,0.30965517241379314,1042.9310344827586,-0.18541114058355174,0.3103448275862069,0.3103448275862069,2,18,5,1,3.0,2.0,3.0,2.625
2017-12-23 19:00:00,26.232857142857142,26.237142857142857,25.950714285714287,26.322499999999998,114.0,19.0,179.35714285714286,7.0,0.36678571428571427,0.13178571428571428,0.28071428571428575,0.10214285714285713,1038.0357142857142,-0.021565934065923213,0.39285714285714285,0.07142857142857142,2,19,5,1,3.0,2.0,3.0,2.625
2017-12-23 19:15:00,26.238,26.18,25.976,26.306666666666665,114.0,19.0,179.66666666666666,7.0,0.5466666666666666,0.23233333333333334,0.5166666666666667,0.16266666666666665,1019.1666666666666,-0.6285897435899332,0.2,0.2,2,19,5,1,3.0,2.0,3.0,2.625
2017-12-23 19:30:00,26.21896551724138,26.13,25.944137931034483,26.26241379310345,114.34482758620689,19.0,180.17241379310346,7.0,0.45620689655172414,0.19517241379310346,0.4627586206896552,0.14344827586206896,1022.0689655172414,0.1773209549071962,0.10344827586206896,0.06896551724137931,2,19,5,1,3.0,3.0,3.0,2.625
2017-12-23 19:45:00,26.206000000000003,26.10233333333333,25.915333333333333,26.282,53.56666666666667,9.6,84.26666666666667,3.5,0.8713333333333334,0.3893333333333333,0.9816666666666667,0.28633333333333333,1014.5,-0.12435897435898666,0.4,0.43333333333333335,2,19,5,1,2.0,3.0,0.0,2.5
2017-12-23 20:00:00,26.072142857142858,25.946428571428573,25.743571428571432,26.175,0.0,0.0,0.0,0.0,0.06821428571428571,0.04892857142857143,0.05892857142857143,0.06107142857142857,971.7857142857143,-1.867307692307857,0.0,0.0,0,20,5,1,2.0,3.0,0.0,2.375
2017-12-23 20:15:00,25.98758620689655,25.881379310344826,25.63758620689655,26.103103448275863,0.0,0.0,0.0,0.0,0.06827586206896552,0.04655172413793104,0.06103448275862069,0.06379310344827586,891.3793103448276,-2.87400530503931,0.0,0.0,0,20,5,1,2.0,3.0,0.0,2.0
2017-12-23 20:30:00,25.907333333333334,25.808,25.54033333333333,26.058666666666667,0.0,0.0,0.0,0.0,0.06833333333333334,0.051333333333333335,0.062000000000000006,0.06433333333333333,831.1666666666666,-1.8870512820523333,0.0,0.0,0,20,5,1,2.0,3.0,0.0,1.625
2017-12-23 20:45:00,25.87034482758621,25.770689655172415,25.481379310344828,26.04413793103448,0.0,0.0,0.0,0.0,0.06551724137931035,0.04862068965517242,0.0603448275862069,0.06517241379310346,769.8275862068965,-2.2026525198934483,0.0,0.0,0,20,5,1,2.0,2.0,0.0,1.25
2017-12-23 21:00:00,25.795517241379308,25.743793103448276,25.406896551724138,26.04413793103448,0.0,0.0,0.0,0.0,0.06827586206896552,0.048275862068965524,0.060689655172413794,0.06379310344827586,713.6206896551724,-1.8860742705572415,0.0,0.0,0,21,5,1,0.0,2.0,0.0,1.0
2017-12-23 21:15:00,25.73071428571429,25.694285714285716,25.335,25.939285714285713,0.0,0.0,0.0,0.0,0.0667857142857143,0.05071428571428572,0.06142857142857143,0.0625,657.6785714285714,-1.9689560439557143,0.0,0.0,0,21,5,1,0.0,2.0,0.0,0.75
2017-12-23 21:30:00,25.69,25.652758620689653,25.289310344827587,25.83551724137931,0.0,0.0,0.0,0.0,0.06758620689655173,0.05241379310344828,0.061724137931034484,0.06103448275862069,585.3448275862069,-2.5477453580900002,0.0,0.0,0,21,5,1,0.0,2.0,0.0,0.5
2017-12-23 21:45:00,25.654827586206896,25.63,25.24793103448276,25.81206896551724,0.0,0.0,0.0,0.0,0.07103448275862069,0.052068965517241377,0.06275862068965518,0.06275862068965518,527.9310344827586,-1.9668435013248275,0.0,0.0,0,21,5,1,0.0,2.0,0.0,0.25
2017-12-23 22:00:00,25.62034482758621,25.61310344827586,25.198275862068964,25.772758620689654,0.0,0.0,0.0,0.0,0.06620689655172414,0.05137931034482759,0.061724137931034484,0.061724137931034484,476.2068965517241,-1.821220159150345,0.0,0.0,0,22,5,1,0.0,0.0,0.0,0.0
2017-12-23 22:15:00,25.561034482758622,25.56,25.15896551724138,25.70655172413793,0.0,0.0,0.0,0.0,0.06758620689655173,0.048275862068965524,0.06137931034482759,0.06241379310344828,429.3103448275862,-1.550795755968276,0.0,0.0,0,22,5,1,0.0,0.0,0.0,0.0
2017-12-23 22:30:00,25.52,25.534,25.122999999999998,25.688333333333333,0.0,0.0,0.0,0.0,0.06633333333333334,0.04933333333333333,0.06066666666666667,0.061000000000000006,392.1666666666667,-1.1796153846158668,0.0,0.0,0,22,5,1,0.0,0.0,0.0,0.0
2017-12-23 22:45:00,25.521428571428572,25.512857142857143,25.074999999999996,25.650357142857143,0.0,0.0,0.0,0.0,0.06535714285714286,0.04964285714285715,0.06,0.06,385.17857142857144,-0.177060439560325,0.0,0.0,0,22,5,1,0.0,0.0,0.0,0.0
2017-12-23 23:00:00,25.476,25.494000000000003,25.054333333333332,25.62366666666667,0.0,0.0,0.0,0.0,0.066,0.049666666666666665,0.060333333333333336,0.061000000000000006,380.1666666666667,-0.16358974358975334,0.0,0.0,0,23,5,1,0.0,0.0,0.0,0.0
2017-12-23 23:15:00,25.458620689655174,25.460689655172413,25.022758620689654,25.557241379310344,0.0,0.0,0.0,0.0,0.06827586206896552,0.05275862068965517,0.06137931034482759,0.06206896551724138,377.41379310344826,-0.11830238726793448,0.0,0.0,0,23,5,1,0.0,0.0,0.0,0.0
2017-12-23 23:30:00,25.43793103448276,25.44,24.99586206896552,25.568620689655173,0.0,0.0,0.0,0.0,0.06586206896551725,0.049310344827586214,0.0603448275862069,0.06103448275862069,375.0,-0.05570291777187241,0.0,0.0,0,23,5,1,0.0,0.0,0.0,0.0
2017-12-23 23:45:00,25.427142857142858,25.437857142857144,24.95714285714286,25.557142857142857,0.0,0.0,0.0,0.0,0.0675,0.048214285714285716,0.05964285714285714,0.061785714285714284,371.9642857142857,-0.1385989010989,0.0,0.0,0,23,5,1,0.0,0.0,0.0,0.0
2017-12-24 00:00:00,25.44,25.437857142857144,24.959285714285716,25.627142857142854,0.0,0.0,0.0,0.0,0.06785714285714287,0.04857142857142858,0.05964285714285714,0.06107142857142857,370.0,-0.039972527472482144,0.0,0.0,0,0,6,1,0.0,0.0,0.0,0.0
2017-12-24 00:15:00,25.435862068965516,25.43793103448276,24.960689655172413,25.692068965517244,0.0,0.0,0.0,0.0,0.06586206896551725,0.048275862068965524,0.0596551724137931,0.06103448275862069,370.0,0.0,0.0,0.0,0,0,6,1,0.0,0.0,0.0,0.0
2017-12-24 00:30:00,25.429655172413796,25.431724137931035,24.942068965517244,25.714827586206898,0.0,0.0,0.0,0.0,0.06758620689655172,0.052068965517241377,0.06586206896551725,0.0603448275862069,369.3103448275862,-0.033952254641910345,0.0,0.0,0,0,6,1,0.0,0.0,0.0,0.0
2017-12-24 00:45:00,25.427142857142858,25.425,24.94,25.724285714285713,0.0,0.0,0.0,0.0,0.06857142857142857,0.0475,0.0625,0.06035714285714285,366.7857142857143,-0.08804945054942678,0.0,0.0,0,0,6,1,0.0,0.0,0.0,0.0
2017-12-24 01:00:00,25.387999999999998,25.418,24.918,25.716,0.0,0.0,0.0,0.0,0.06733333333333333,0.04933333333333333,0.059666666666666666,0.060333333333333336,365.6666666666667,-0.05012820512826,0.0,0.0,0,1,6,1,0.0,0.0,0.0,0.0
2017-12-24 01:15:00,25.382068965517238,25.39862068965517,24.900689655172414,25.73758620689655,0.0,0.0,0.0,0.0,0.06689655172413794,0.04655172413793104,0.06103448275862069,0.060689655172413794,365.0,-0.001591511936337931,0.0,0.0,0,1,6,1,0.0,0.0,0.0,0.0
2017-12-24 01:30:00,25.377499999999998,25.395,24.88642857142857,25.74142857142857,0.0,0.0,0.0,0.0,0.06857142857142857,0.05071428571428572,0.06285714285714286,0.062142857142857146,365.0,0.0,0.0,0.0,0,1,6,1,0.0,0.0,0.0,0.0
2017-12-24 01:45:00,25.377666666666663,25.38,24.881999999999998,25.736,0.0,0.0,0.0,0.0,0.065,0.049,0.06133333333333333,0.06233333333333334,365.0,0.0,0.0,0.0,0,1,6,1,0.0,0.0,0.0,0.0
2017-12-24 02:00:00,25.375172413793102,25.38,24.855862068965514,25.73758620689655,0.0,0.0,0.0,0.0,0.06413793103448276,0.051034482758620686,0.06137931034482759,0.060689655172413794,365.0,0.0,0.0,0.0,0,2,6,1,0.0,0.0,0.0,0.0
2017-12-24 02:15:00,25.351034482758617,25.375172413793102,24.846206896551724,25.71896551724138,0.0,0.0,0.0,0.0,0.06448275862068965,0.04896551724137931,0.0603448275862069,0.06206896551724138,364.13793103448273,-0.0339522546419,0.0,0.0,0,2,6,1,0.0,0.0,0.0,0.0
2017-12-24 02:30:00,25.314827586206896,25.358275862068965,24.81,25.696206896551725,0.0,0.0,0.0,0.0,0.06482758620689656,0.05,0.0596551724137931,0.06103448275862069,362.9310344827586,-0.03859416445621793,0.0,0.0,0,2,6,1,0.0,0.0,0.0,0.0
2017-12-24 02:45:00,25.312413793103445,25.32689655172414,24.795517241379308,25.673448275862068,0.0,0.0,0.0,0.0,0.06551724137931035,0.0496551724137931,0.06310344827586208,0.06103448275862069,360.86206896551727,-0.07214854111403793,0.0,0.0,0,2,6,1,0.0,0.0,0.0,0.0
2017-12-24 03:00:00,25.31,25.312333333333335,24.784,25.65,0.0,0.0,0.0,0.0,0.06566666666666668,0.04833333333333334,0.057666666666666665,0.06133333333333334,360.3333333333333,-0.0075641025640850006,0.0,0.0,0,3,6,1,0.0,0.0,0.0,0.0
2017-12-24 03:15:00,25.305714285714284,25.31,24.764999999999997,25.638571428571428,0.0,0.0,0.0,0.0,0.06535714285714286,0.04964285714285715,0.060714285714285714,0.061785714285714284,360.0,-0.020604395604394643,0.0,0.0,0,3,6,1,0.0,0.0,0.0,0.0
2017-12-24 03:30:00,25.271428571428572,25.31,24.752142857142854,25.640714285714285,0.0,0.0,0.0,0.0,0.0675,0.04928571428571429,0.06,0.05928571428571428,360.0,0.0,0.0,0.0,0,3,6,1,0.0,0.0,0.0,0.0
2017-12-24 03:45:00,25.259999999999998,25.302,24.73,25.613666666666667,0.0,0.0,0.0,0.0,0.07,0.04933333333333333,0.06066666666666667,0.061000000000000006,360.0,0.0,0.0,0.0,0,3,6,1,0.0,0.0,0.0,0.0
2017-12-24 04:00:00,25.25,25.272758620689654,24.710689655172413,25.624137931034483,0.0,0.0,0.0,0.0,0.06931034482758622,0.05137931034482759,0.05931034482758621,0.06,360.0,0.0,0.0,0.0,0,4,6,1,0.0,0.0,0.0,0.0
2017-12-24 04:15:00,25.24586206896552,25.25206896551724,24.694137931034483,25.598620689655174,0.0,0.0,0.0,0.0,0.06724137931034484,0.05068965517241379,0.061724137931034484,0.061724137931034484,360.0,0.0,0.0,0.0,0,4,6,1,0.0,0.0,0.0,0.0
2017-12-24 04:30:00,25.224285714285713,25.247857142857146,24.69214285714286,25.577499999999997,0.0,0.0,0.0,0.0,0.06821428571428571,0.05071428571428572,0.06035714285714285,0.06,360.0,0.0,0.0,0.0,0,4,6,1,0.0,0.0,0.0,0.0
2017-12-24 04:45:00,25.216896551724137,25.24793103448276,24.67758620689655,25.57,0.0,0.0,0.0,0.0,0.06862068965517241,0.05,0.0603448275862069,0.06137931034482759,360.0,0.0,0.0,0.0,0,4,6,1,0.0,0.0,0.0,0.0
2017-12-24 05:00:00,25.202,25.246,24.634,25.53033333333333,0.0,0.0,0.0,0.0,0.06866666666666667,0.05,0.061000000000000006,0.061000000000000006,359.8333333333333,-0.00730769230769,0.0,0.0,0,5,6,1,0.0,0.0,0.0,0.0
2017-12-24 05:15:00,25.19,25.21666666666667,24.62962962962963,25.522222222222222,0.0,0.0,0.0,0.0,0.06777777777777778,0.051111111111111114,0.060000000000000005,0.05925925925925926,360.0,0.008119658119655556,0.0,0.0,0,5,6,1,0.0,0.0,0.0,0.0
2017-12-24 05:30:00,25.19,25.19,24.622758620689652,25.5,0.0,0.0,0.0,0.0,0.06793103448275863,0.0503448275862069,0.06379310344827586,0.06103448275862069,359.48275862068965,-0.009018567639251724,0.0,0.0,0,5,6,1,0.0,0.0,0.0,0.0
2017-12-24 05:45:00,25.18,25.196,24.581,25.504,0.0,0.0,0.0,0.0,0.06733333333333333,0.051333333333333335,0.060333333333333336,0.060333333333333336,359.5,-0.017692307692313333,0.0,0.0,0,5,6,1,0.0,0.0,0.0,0.0
2017-12-24 06:00:00,25.15896551724138,25.185862068965516,24.57448275862069,25.477241379310346,0.0,0.0,0.0,0.0,0.06413793103448276,0.049999999999999996,0.0596551724137931,0.06,358.44827586206895,-0.0400530503978362,0.0,0.0,0,6,6,1,0.0,0.0,0.0,0.0
2017-12-24 06:15:00,25.13642857142857,25.18357142857143,24.5625,25.465714285714284,0.0,0.0,0.0,0.0,0.065,0.05071428571428572,0.05928571428571428,0.05964285714285714,355.89285714285717,-0.09162087912086071,0.0,0.0,0,6,6,1,0.0,0.0,0.0,0.0
2017-12-24 06:30:00,25.131999999999998,25.156,24.534,25.442,0.0,0.0,0.0,0.0,0.067,0.05,0.06066666666666667,0.061000000000000006,358.1666666666667,0.07346153846146833,0.0,0.0,0,6,6,1,0.0,0.0,0.0,0.0
2017-12-24 06:45:00,25.12758620689655,25.13,24.510344827586206,25.442068965517244,0.0,0.0,1.1724137931034482,0.8275862068965517,0.06620689655172414,0.04862068965517242,0.0596551724137931,0.061724137931034484,357.2413793103448,-0.01843501326254172,0.0,0.0,0,6,6,1,0.0,0.0,0.0,0.0
2017-12-24 07:00:00,25.113666666666667,25.13,24.502,25.422,0.03333333333333333,0.03333333333333333,4.633333333333334,3.2,0.06533333333333333,0.050333333333333334,0.060333333333333336,0.06233333333333334,356.6666666666667,-6.000200336586659e-14,0.0,0.0,0,7,6,1,0.0,0.0,0.0,0.0
2017-12-24 07:15:00,25.085,25.134285714285713,24.50857142857143,25.40357142857143,1.1428571428571428,1.1428571428571428,9.142857142857142,5.714285714285714,0.0675,0.04964285714285715,0.05928571428571428,0.06464285714285714,359.4642857142857,0.08090659340653572,0.0,0.0,0,7,6,1,0.0,0.0,0.0,0.0
2017-12-24 07:30:00,25.072499999999998,25.132142857142856,24.50857142857143,25.425,2.25,2.357142857142857,13.928571428571429,9.107142857142858,0.06714285714285714,0.04964285714285715,0.06035714285714285,0.065,359.4642857142857,-0.0024725274725178573,0.0,0.0,0,7,6,1,0.0,0.0,0.0,0.0
2017-12-24 07:45:00,25.071666666666665,25.13,24.526,25.424,3.8,3.933333333333333,20.066666666666666,13.6,0.06833333333333334,0.049,0.059333333333333335,0.06133333333333334,359.8333333333333,0.018846153846150335,0.0,0.0,0,7,6,1,0.0,0.0,0.0,0.0
2017-12-24 08:00:00,25.081724137931033,25.13413793103448,24.516551724137933,25.448275862068964,5.0,5.0,26.20689655172414,17.620689655172413,0.06827586206896552,0.0496551724137931,0.05758620689655172,0.06344827586206897,360.0,0.0030503978779827584,0.0,0.0,0,8,6,1,0.0,0.0,0.0,0.0
2017-12-24 08:15:00,25.105862068965514,25.13,24.555862068965517,25.448275862068964,5.413793103448276,5.724137931034483,30.517241379310345,20.379310344827587,0.06758620689655173,0.0503448275862069,0.0596551724137931,0.06310344827586208,360.0,0.0,0.0,0.0,0,8,6,1,0.0,0.0,0.0,0.0
2017-12-24 08:30:00,25.125172413793102,25.13,24.58655172413793,25.386206896551727,6.0344827586206895,6.655172413793103,33.96551724137931,22.379310344827587,0.06827586206896552,0.049310344827586214,0.05931034482758621,0.06517241379310346,360.0,0.0,0.0,0.0,0,8,6,1,0.0,0.0,0.0,0.0
2017-12-24 08:45:00,25.125172413793102,25.132068965517238,24.63,25.403448275862072,6.103448275862069,7.0,35.0,22.724137931034484,0.06896551724137931,0.05068965517241379,0.0596551724137931,0.06379310344827586,359.48275862068965,-0.016578249336868963,0.0,0.0,0,8,6,1,0.0,0.0,0.0,0.0
2017-12-24 09:00:00,25.135454545454547,25.13272727272727,24.659545454545455,25.444999999999997,6.909090909090909,7.0,35.81818181818182,23.636363636363637,0.06818181818181818,0.05318181818181819,0.065,0.06545454545454545,359.09090909090907,-0.016258741258741365,0.0,0.0,0,9,6,1,0.0,0.0,0.0,0.0
2017-12-25 09:00:00,25.00857142857143,25.00857142857143,24.54285714285714,25.319999999999997,7.0,7.0,35.857142857142854,24.0,0.08,0.047142857142857146,0.06142857142857143,0.1,355.0,-0.17307692307685715,0.0,0.0,0,9,0,0,0.0,0.0,0.0,0.0
2017-12-25 09:15:00,25.024444444444445,25.026666666666667,24.567777777777774,25.374074074074073,7.0,7.518518518518518,36.55555555555556,24.037037037037038,0.07592592592592594,0.04777777777777778,0.060000000000000005,0.09962962962962962,355.0,-0.10925925925927037,0.037037037037037035,0.0,0,9,0,0,0.0,0.0,0.0,0.0
2017-12-25 09:30:00,25.048,25.06,24.606333333333332,25.43566666666667,7.533333333333333,8.233333333333333,39.3,26.266666666666666,0.075,0.04766666666666667,0.059666666666666666,0.09766666666666667,355.0,0.0,0.0,0.0,0,9,0,0,0.0,0.0,0.0,0.0
2017-12-25 09:45:00,25.032142857142855,25.05785714285714,24.642857142857142,25.52607142857143,8.428571428571429,9.321428571428571,42.5,28.857142857142858,0.075,0.046785714285714285,0.05964285714285714,0.09607142857142857,355.0,0.0,0.0,0.0,0,9,0,0,0.0,0.0,0.0,0.0
2017-12-25 10:00:00,25.057931034482756,25.067241379310342,24.681724137931035,25.619655172413793,9.275862068965518,10.03448275862069,44.793103448275865,30.20689655172414,0.07689655172413792,0.04862068965517242,0.06275862068965518,0.09793103448275861,355.0,0.0,0.0,0.0,0,10,0,0,0.0,0.0,0.0,0.0
2017-12-25 10:15:00,25.085666666666665,25.11133333333333,24.71,25.682000000000002,10.0,10.633333333333333,47.6,33.03333333333333,0.07766666666666668,0.04833333333333334,0.06166666666666667,0.10033333333333334,355.0,0.0,0.0,0.0,0,10,0,0,0.0,0.0,0.0,0.0
2017-12-25 10:30:00,25.127499999999998,25.13,24.754285714285714,25.745714285714286,10.071428571428571,11.678571428571429,49.42857142857143,34.785714285714285,0.07857142857142858,0.04892857142857143,0.061785714285714284,0.09785714285714286,355.0,0.0,0.0,0.0,0,10,0,0,0.0,0.0,0.0,0.0
2017-12-25 10:45:00,25.156,25.13,24.810666666666666,25.75,11.466666666666667,13.2,53.43333333333333,37.666666666666664,0.07833333333333334,0.04700000000000001,0.06199999999999999,0.09733333333333333,355.0,0.0,0.0,0.0,0,10,0,0,0.0,0.0,0.0,0.0
2017-12-25 11:00:00,25.163103448275862,25.15896551724138,24.846206896551724,25.764482758620687,12.448275862068966,14.10344827586207,56.793103448275865,40.48275862068966,0.07827586206896552,0.056206896551724145,0.06517241379310346,0.09896551724137931,355.0,0.0,0.034482758620689655,0.0,0,11,0,0,0.0,0.0,0.0,0.0
2017-12-25 11:15:00,25.18793103448276,25.19,24.896551724137932,25.770689655172415,12.793103448275861,14.275862068965518,57.51724137931034,41.0,0.0810344827586207,0.05068965517241379,0.06344827586206897,0.09862068965517243,355.0,0.0,0.0,0.0,0,11,0,0,0.0,0.0,0.0,0.0
2017-12-25 11:30:00,25.198275862068964,25.192068965517244,24.931724137931035,25.817931034482754,13.344827586206897,14.931034482758621,59.724137931034484,42.6551724137931,0.0803448275862069,0.05448275862068966,0.06482758620689656,0.09724137931034484,355.0,0.0,0.0,0.0,0,11,0,0,0.0,0.0,1.0,0.0
2017-12-25 11:45:00,25.211428571428574,25.194285714285716,24.987142857142857,25.8525,14.535714285714286,17.071428571428573,66.0,46.892857142857146,0.08535714285714287,0.05392857142857143,0.07642857142857143,0.10178571428571428,355.0,0.0,0.0,0.0,0,11,0,0,0.0,0.0,1.0,0.0
2017-12-25 12:00:00,25.239655172413794,25.23758620689655,25.00206896551724,25.8251724137931,16.448275862068964,19.413793103448278,72.72413793103448,51.689655172413794,0.09,0.060689655172413794,0.0803448275862069,0.10172413793103449,355.0,0.0,0.0,0.0,0,12,0,0,0.0,0.0,1.0,0.0
2017-12-25 12:15:00,25.236,25.25,25.064999999999998,25.867666666666665,16.333333333333332,19.3,72.5,51.86666666666667,0.079,0.052000000000000005,0.06166666666666667,0.09666666666666666,355.0,0.0,0.0,0.0,0,12,0,0,0.0,0.0,1.0,0.0
2017-12-25 12:30:00,25.25857142857143,25.271428571428572,25.127499999999998,25.888571428571428,16.5,19.714285714285715,72.5,51.964285714285715,0.07785714285714286,0.05285714285714286,0.06571428571428571,0.09892857142857144,355.0,0.0,0.0,0.0,0,12,0,0,0.0,0.0,2.0,0.0
2017-12-25 12:45:00,25.282,25.302,25.15,25.9,16.833333333333332,20.0,73.53333333333333,52.96666666666667,0.077,0.05566666666666667,0.06366666666666666,0.09933333333333333,355.0,0.0,0.0,0.0,0,12,0,0,0.0,0.0,2.0,0.0
2017-12-25 13:00:00,25.305862068965517,25.31,25.19,25.95241379310345,17.275862068965516,20.20689655172414,74.79310344827586,53.689655172413794,0.07896551724137932,0.052068965517241377,0.06241379310344828,0.09862068965517241,355.0,0.0,0.0,0.0,0,13,0,0,0.0,0.0,2.0,0.0
2017-12-25 13:15:00,25.31,25.31,25.20034482758621,26.00413793103448,16.96551724137931,20.06896551724138,73.93103448275862,53.41379310344828,0.08379310344827587,0.06517241379310346,0.07310344827586207,0.1003448275862069,355.0,0.0,0.0,0.0,0,13,0,0,0.0,0.0,2.0,0.0
2017-12-25 13:30:00,25.32689655172414,25.329310344827583,25.241724137931033,25.981379310344828,16.379310344827587,19.79310344827586,71.55172413793103,51.86206896551724,0.07689655172413792,0.05137931034482759,0.05862068965517241,0.0993103448275862,355.0,0.0,0.0,0.0,0,13,0,0,0.0,0.0,2.0,0.0
2017-12-25 13:45:00,25.343793103448274,25.37758620689655,25.276896551724136,26.026896551724136,18.620689655172413,22.24137931034483,79.41379310344827,57.44827586206897,0.07655172413793104,0.05068965517241379,0.06310344827586208,0.09689655172413793,355.0,0.0,0.0,0.0,0,13,0,0,0.0,0.0,2.0,0.0
2017-12-25 14:00:00,25.37066666666667,25.38,25.302,26.05233333333333,18.766666666666666,22.566666666666666,80.33333333333333,58.6,0.07633333333333334,0.059000000000000004,0.06633333333333333,0.101,355.0,0.0,0.0,0.0,0,14,0,0,0.0,0.0,0.0,0.0
2017-12-25 14:15:00,25.382142857142856,25.392857142857142,25.335,26.103928571428572,19.321428571428573,23.357142857142858,83.64285714285714,60.357142857142854,0.08,0.060714285714285714,0.06749999999999999,0.10107142857142858,355.0,0.0,0.0,0.0,0,14,0,0,0.0,0.0,0.0,0.0
2017-12-25 14:30:00,25.38642857142857,25.427142857142858,25.375,26.12892857142857,18.321428571428573,22.5,82.03571428571429,59.035714285714285,0.07785714285714286,0.054285714285714284,0.06142857142857143,0.10035714285714285,355.0,0.0,0.03571428571428571,0.0,0,14,0,0,0.0,0.0,0.0,0.0
2017-12-25 14:45:00,25.41,25.436,25.384,26.151666666666664,14.933333333333334,19.133333333333333,71.5,51.7,0.077,0.052000000000000005,0.06199999999999999,0.09966666666666667,355.0,0.0,0.0,0.0,0,14,0,0,0.0,0.0,0.0,0.0
2017-12-25 15:00:00,25.420714285714286,25.44,25.41,26.153214285714284,13.607142857142858,17.25,67.14285714285714,48.642857142857146,0.07928571428571429,0.057857142857142864,0.06464285714285714,0.09964285714285714,355.0,0.0,0.0,0.0,0,15,0,0,0.0,0.0,1.0,0.0
2017-12-25 15:15:00,25.437857142857144,25.44214285714286,25.40357142857143,26.147142857142857,11.464285714285714,14.357142857142858,58.142857142857146,42.5,0.08392857142857144,0.0675,0.0717857142857143,0.10071428571428573,355.0,0.0,0.0,0.0,0,15,0,0,0.0,0.0,1.0,0.0
2017-12-25 15:30:00,25.43,25.442,25.406,26.135666666666665,9.766666666666667,11.633333333333333,49.2,35.8,0.07833333333333334,0.05533333333333334,0.06266666666666666,0.099,355.0,0.0,0.0,0.0,0,15,0,0,0.0,0.0,1.0,0.0
2017-12-25 15:45:00,25.44,25.442068965517244,25.423448275862068,26.16103448275862,7.862068965517241,9.689655172413794,41.37931034482759,29.79310344827586,0.08344827586206896,0.06310344827586208,0.07344827586206897,0.1006896551724138,354.82758620689657,-0.001591511936337931,0.034482758620689655,0.0,0,15,0,0,0.0,0.0,1.0,0.0
2017-12-25 16:00:00,25.44,25.444000000000003,25.394,26.15,6.033333333333333,7.633333333333334,35.13333333333333,24.633333333333333,0.07866666666666666,0.050333333333333334,0.063,0.1,352.6666666666667,-0.06769230769228667,0.0,0.0,0,16,0,0,0.0,0.0,1.0,0.0
2017-12-25 16:15:00,25.44214285714286,25.44214285714286,25.384285714285713,26.11642857142857,4.892857142857143,5.321428571428571,26.785714285714285,19.178571428571427,0.08571428571428572,0.06571428571428571,0.07107142857142858,0.10392857142857144,351.7857142857143,-0.04038461538464643,0.0,0.0,0,16,0,0,0.0,0.0,2.0,0.0
2017-12-25 16:30:00,25.44,25.45655172413793,25.38413793103448,26.154827586206896,3.5517241379310347,4.068965517241379,21.17241379310345,14.0,0.0806896551724138,0.06103448275862069,0.06793103448275863,0.10172413793103449,350.6896551724138,-0.03381962864719173,0.0,0.0,0,16,0,0,0.0,0.0,2.0,0.0
2017-12-25 16:45:00,25.442,25.446,25.346999999999998,26.157666666666668,2.1333333333333333,2.433333333333333,12.8,9.166666666666666,0.07633333333333334,0.050333333333333334,0.06166666666666667,0.09933333333333333,350.1666666666667,-0.027051282051266667,0.0,0.0,0,16,0,0,0.0,0.0,2.0,0.0
2017-12-25 17:00:00,25.444137931034483,25.442068965517244,25.295517241379308,26.149655172413794,0.8620689655172413,0.9655172413793104,7.655172413793103,5.344827586206897,0.07724137931034483,0.05137931034482759,0.0603448275862069,0.1003448275862069,350.0,0.0,0.0,0.0,0,17,0,0,0.0,0.0,2.0,0.0
2017-12-25 17:15:00,25.44,25.44,25.260714285714283,26.12142857142857,0.0,0.0,4.214285714285714,3.0357142857142856,0.08035714285714286,0.053214285714285714,0.06571428571428571,0.10107142857142858,350.0,0.0,0.0,0.0,0,17,0,0,0.0,0.0,3.0,0.0
2017-12-25 17:30:00,25.442,25.44,25.246,26.09433333333333,0.0,0.0,1.3,1.0,0.08033333333333334,0.06633333333333333,0.07666666666666666,0.10533333333333333,350.1666666666667,0.0064102564102533335,0.0,0.0,0,17,0,0,0.0,0.0,3.0,0.0
2017-12-25 17:45:00,25.442068965517244,25.44,25.243793103448276,26.0751724137931,0.0,0.0,0.0,0.0,0.07862068965517242,0.05275862068965517,0.06103448275862069,0.1003448275862069,350.0,-0.006631299734744828,0.10344827586206896,0.0,0,17,0,0,0.0,0.0,3.0,0.0
2017-12-25 18:00:00,25.446206896551725,25.44,25.20655172413793,26.018620689655172,0.0,0.0,0.0,0.0,0.08482758620689655,0.06655172413793103,0.0703448275862069,0.10551724137931034,351.7241379310345,0.06750663129968966,0.0,0.0,0,18,0,0,0.0,0.0,3.0,0.0
2017-12-25 18:15:00,25.44,25.44,25.20034482758621,26.021034482758623,0.0,0.0,0.0,0.0,0.07517241379310345,0.052068965517241377,0.06103448275862069,0.1003448275862069,352.7586206896552,0.02453580901855,0.0,0.0,0,18,0,0,0.0,0.0,3.0,0.0
2017-12-25 18:30:00,25.442068965517244,25.44,25.185862068965516,26.033793103448275,0.0,0.0,0.0,0.0,0.07655172413793104,0.05068965517241379,0.06275862068965518,0.1003448275862069,354.3103448275862,0.0671087533156362,0.0,0.0,0,18,0,0,0.0,0.0,2.0,0.0
2017-12-25 18:45:00,25.44,25.44,25.176,26.02,0.0,0.0,0.0,0.0,0.079,0.052333333333333336,0.06366666666666666,0.09966666666666667,351.8333333333333,-0.11064102564104333,0.0,0.0,0,18,0,0,0.0,0.0,2.0,0.0
2017-12-25 19:00:00,25.44,25.44,25.145,26.023571428571426,0.0,0.0,0.0,0.0,0.07607142857142857,0.05107142857142858,0.05928571428571428,0.0992857142857143,352.14285714285717,0.02074175824175357,0.0,0.0,0,19,0,0,0.0,0.0,2.0,0.0
2017-12-25 19:15:00,25.446428571428573,25.44214285714286,25.138571428571428,26.012857142857143,0.0,0.0,0.0,0.0,0.07821428571428571,0.050357142857142864,0.06,0.09892857142857144,353.39285714285717,0.04230769230772607,0.0,0.0,0,19,0,0,0.0,0.0,2.0,0.0
2017-12-25 19:30:00,25.442068965517244,25.45034482758621,25.140344827586205,25.99793103448276,0.0,0.0,0.0,0.0,0.07758620689655173,0.04758620689655173,0.061724137931034484,0.1003448275862069,351.8965517241379,-0.05291777188326551,0.0,0.0,0,19,0,0,0.0,0.0,2.0,0.0
2017-12-25 19:45:00,25.444285714285716,25.44214285714286,25.132142857142856,25.993571428571432,0.0,0.0,0.0,0.0,0.07785714285714286,0.048214285714285716,0.062142857142857146,0.10107142857142858,351.9642857142857,0.025274725274714284,0.0,0.0,0,19,0,0,0.0,0.0,0.0,0.0
2017-12-25 20:00:00,25.442068965517244,25.46275862068966,25.11551724137931,26.00206896551724,0.0,0.0,0.0,0.0,0.07793103448275863,0.04689655172413793,0.06310344827586208,0.09896551724137931,351.8965517241379,0.011538461538444829,0.0,0.0,0,20,0,0,0.0,0.0,0.0,0.0
2017-12-25 20:15:00,25.44,25.46275862068966,25.091379310344827,25.962758620689655,0.0,0.0,0.0,0.0,0.07586206896551725,0.04793103448275862,0.0603448275862069,0.0993103448275862,351.55172413793105,-0.033952254641881036,0.0,0.0,0,20,0,0,0.0,0.0,0.0,0.0
2017-12-25 20:30:00,25.44,25.45034482758621,25.091379310344827,25.960689655172413,0.0,0.0,0.0,0.0,0.07655172413793104,0.04862068965517242,0.0603448275862069,0.09724137931034484,354.6551724137931,0.10782493368696207,0.0,0.0,0,20,0,0,0.0,0.0,0.0,0.0
2017-12-25 20:45:00,25.42758620689655,25.442068965517244,25.079310344827583,25.95034482758621,0.0,0.0,0.0,0.0,0.07862068965517242,0.05,0.060689655172413794,0.09896551724137931,352.41379310344826,-0.08328912466843276,0.0,0.0,0,20,0,0,0.0,0.0,0.0,0.0
2017-12-25 21:00:00,25.41103448275862,25.44,25.07448275862069,25.929310344827588,0.0,0.0,0.0,0.0,0.07793103448275863,0.05137931034482759,0.06344827586206897,0.09758620689655173,353.62068965517244,0.06578249336875172,0.0,0.0,0,21,0,0,0.0,0.0,0.0,0.0
2017-12-25 21:15:00,25.382068965517238,25.44,25.064827586206896,25.891379310344828,0.0,0.0,0.0,0.0,0.07793103448275863,0.05172413793103448,0.06137931034482759,0.09724137931034484,353.2758620689655,-0.05676392572944103,0.0,0.0,0,21,0,0,0.0,0.0,0.0,0.0
2017-12-25 21:30:00,25.386,25.44,25.06,25.889333333333333,0.0,0.0,0.0,0.0,0.07633333333333334,0.052333333333333336,0.06266666666666666,0.09933333333333333,354.8333333333333,0.07141025641023634,0.0,0.0,0,21,0,0,0.0,0.0,0.0,0.0
2017-12-25 21:45:00,25.38,25.44,25.05785714285714,25.87642857142857,0.0,0.0,0.0,0.0,0.075,0.051071428571428566,0.061785714285714284,0.09857142857142857,354.4642857142857,-0.01456043956043857,0.0,0.0,0,21,0,0,0.0,0.0,0.0,0.0
2017-12-25 22:00:00,25.384,25.436,25.055999999999997,25.860666666666663,0.0,0.0,0.0,0.0,0.08333333333333333,0.057666666666666665,0.06899999999999999,0.097,354.5,0.013974358974353333,0.0,0.0,0,22,0,0,0.0,0.0,0.0,0.0
2017-12-25 22:15:00,25.40896551724138,25.429655172413796,25.04965517241379,25.908620689655173,0.0,0.0,0.0,0.0,0.07689655172413792,0.05172413793103448,0.061724137931034484,0.09827586206896552,355.0,0.009946949602117242,0.0,0.0,0,22,0,0,0.0,0.0,0.0,0.0
2017-12-25 22:30:00,25.419310344827586,25.419310344827586,25.053793103448275,25.919310344827586,0.0,0.0,0.0,0.0,0.07965517241379311,0.05275862068965517,0.06275862068965518,0.09965517241379311,355.0,0.0,0.0,0.0,0,22,0,0,0.0,0.0,0.0,0.0
2017-12-25 22:45:00,25.404827586206896,25.404827586206896,25.04344827586207,25.904827586206896,0.0,0.0,0.0,0.0,0.07793103448275863,0.05172413793103448,0.06310344827586208,0.09689655172413793,355.0,0.0,0.0,0.0,0,22,0,0,0.0,0.0,0.0,0.0
2017-12-25 23:00:00,25.400689655172414,25.394482758620686,25.008275862068967,25.892068965517243,0.0,0.0,0.0,0.0,0.07620689655172413,0.051034482758620686,0.06,0.1003448275862069,355.0,0.0,0.0,0.0,0,23,0,0,0.0,0.0,0.0,0.0
2017-12-25 23:15:00,25.394,25.396,25.004,25.844999999999995,0.0,0.0,0.0,0.0,0.077,0.052000000000000005,0.060000000000000005,0.09966666666666667,355.0,0.0,0.0,0.0,0,23,0,0,0.0,0.0,0.0,0.0
2017-12-25 23:30:00,25.386206896551723,25.406896551724138,24.99586206896552,25.858275862068965,0.0,0.0,0.0,0.0,0.07620689655172413,0.049310344827586214,0.05931034482758621,0.09793103448275861,355.0,0.0,0.0,0.0,0,23,0,0,0.0,0.0,0.0,0.0
2017-12-25 23:45:00,25.382142857142856,25.382142857142856,24.993571428571432,25.842142857142854,0.0,0.0,0.0,0.0,0.07714285714285715,0.05,0.061785714285714284,0.09607142857142857,355.0,0.0,0.0,0.0,0,23,0,0,0.0,0.0,0.0,0.0
2017-12-26 00:00:00,25.382068965517238,25.388275862068966,24.993793103448276,25.831724137931033,0.0,0.0,0.0,0.0,0.07517241379310345,0.05344827586206897,0.061724137931034484,0.09758620689655173,355.0,0.0,0.0,0.0,0,0,1,0,0.0,0.0,0.0,0.0
2017-12-26 00:15:00,25.37965517241379,25.38413793103448,24.958620689655174,25.82448275862069,0.0,0.0,0.0,0.0,0.07551724137931035,0.05172413793103448,0.06137931034482759,0.09724137931034482,355.0,0.0,0.0,0.0,0,0,1,0,0.0,0.0,0.0,0.0
2017-12-26 00:30:00,25.377407407407404,25.38,24.948888888888888,25.81259259259259,0.0,0.0,0.0,0.0,0.07666666666666667,0.04925925925925926,0.06148148148148148,0.0974074074074074,355.0,0.0,0.0,0.0,0,0,1,0,0.0,0.0,0.0,0.0
2017-12-26 00:45:00,25.38,25.38,24.94,25.813666666666666,0.0,0.0,0.0,0.0,0.07566666666666667,0.049666666666666665,0.06233333333333334,0.09866666666666667,355.0,0.0,0.0,0.0,0,0,1,0,0.0,0.0,0.0,0.0
2017-12-26 01:00:00,25.37758620689655,25.38,24.93793103448276,25.81310344827586,0.0,0.0,0.0,0.0,0.07689655172413792,0.051034482758620686,0.06241379310344828,0.09689655172413793,355.0,0.0,0.0,0.0,0,1,1,0,0.0,0.0,0.0,0.0
2017-12-26 01:15:00,25.38,25.38,24.93793103448276,25.813793103448276,0.0,0.0,0.0,0.0,0.07551724137931035,0.05068965517241379,0.06103448275862069,0.09862068965517241,355.0,0.0,0.0,0.0,0,1,1,0,0.0,0.0,0.0,0.0
2017-12-26 01:30:00,25.354999999999997,25.38,24.91857142857143,25.767142857142858,0.0,0.0,0.0,0.0,0.07607142857142857,0.050357142857142864,0.060714285714285714,0.0992857142857143,355.0,0.0,0.0,0.0,0,1,1,0,0.0,0.0,0.0,0.0
2017-12-26 01:45:00,25.329310344827583,25.37758620689655,24.90896551724138,25.78103448275862,0.0,0.0,0.0,0.0,0.07724137931034483,0.05068965517241379,0.06241379310344828,0.09862068965517241,355.0,0.0,0.0,0.0,0,1,1,0,0.0,0.0,0.0,0.0
2017-12-26 02:00:00,25.328666666666667,25.356666666666666,24.887999999999998,25.77,0.0,0.0,0.0,0.0,0.07666666666666667,0.05266666666666667,0.06066666666666667,0.09966666666666667,355.0,0.0,0.0,0.0,0,2,1,0,0.0,0.0,0.0,0.0
2017-12-26 02:15:00,25.319655172413793,25.348620689655174,24.892413793103447,25.739655172413794,0.0,0.0,0.0,0.0,0.07344827586206898,0.05172413793103448,0.06206896551724138,0.09724137931034484,355.0,0.0,0.0,0.0,0,2,1,0,0.0,0.0,0.0,0.0
2017-12-26 02:30:00,25.3125,25.322499999999998,24.875,25.745714285714286,0.0,0.0,0.0,0.0,0.07464285714285715,0.05,0.060714285714285714,0.10071428571428573,355.0,0.0,0.0,0.0,0,2,1,0,0.0,0.0,0.0,0.0
2017-12-26 02:45:00,25.31,25.323999999999998,24.868333333333332,25.706000000000003,0.0,0.0,0.0,0.0,0.07600000000000001,0.04800000000000001,0.06133333333333334,0.09766666666666667,355.0,0.0,0.0,0.0,0,2,1,0,0.0,0.0,0.0,0.0
2017-12-26 03:00:00,25.31,25.312413793103445,24.846206896551724,25.70655172413793,0.0,0.0,0.0,0.0,0.07379310344827586,0.049999999999999996,0.060689655172413794,0.09999999999999999,355.0,0.0,0.0,0.0,0,3,1,0,0.0,0.0,0.0,0.0
2017-12-26 03:15:00,25.31,25.31,24.817,25.69,0.0,0.0,0.0,0.0,0.07466666666666667,0.051000000000000004,0.06066666666666667,0.09833333333333334,355.0,0.0,0.0,0.0,0,3,1,0,0.0,0.0,0.0,0.0
2017-12-26 03:30:00,25.305714285714284,25.30785714285714,24.81,25.69,0.0,0.0,0.0,0.0,0.07821428571428571,0.053214285714285714,0.06571428571428571,0.09678571428571428,355.0,0.0,0.0,0.0,0,3,1,0,0.0,0.0,0.0,0.0
2017-12-26 03:45:00,25.288571428571426,25.3125,24.81,25.677142857142858,0.0,0.0,0.0,0.0,0.07607142857142857,0.04964285714285715,0.062142857142857146,0.09785714285714286,355.0,0.0,0.0,0.0,0,3,1,0,0.0,0.0,0.0,0.0
2017-12-26 04:00:00,25.291999999999998,25.302,24.808,25.674,0.0,0.0,0.0,0.0,0.07366666666666667,0.050333333333333334,0.06066666666666667,0.09966666666666667,355.0,0.0,0.0,0.0,0,4,1,0,0.0,0.0,0.0,0.0
2017-12-26 04:15:00,25.267142857142858,25.284285714285716,24.784285714285716,25.677142857142858,0.0,0.0,0.0,0.0,0.075,0.04964285714285715,0.0625,0.09821428571428571,355.0,0.0,0.0,0.0,0,4,1,0,0.0,0.0,0.0,0.0
2017-12-26 04:30:00,25.260344827586206,25.258275862068967,24.77896551724138,25.646551724137932,0.0,0.0,0.0,0.0,0.07551724137931035,0.049999999999999996,0.06137931034482759,0.09896551724137931,355.0,0.0,0.0,0.0,0,4,1,0,0.0,0.0,0.0,0.0
2017-12-26 04:45:00,25.25,25.259999999999998,24.752,25.606666666666666,0.0,0.0,0.0,0.0,0.07466666666666667,0.050666666666666665,0.06266666666666666,0.098,355.0,0.0,0.0,0.0,0,4,1,0,0.0,0.0,0.0,0.0
2017-12-26 05:00:00,25.24793103448276,25.25,24.74793103448276,25.581724137931033,0.0,0.0,0.0,0.0,0.07517241379310345,0.05068965517241379,0.06103448275862069,0.09724137931034484,355.0,0.0,0.0,0.0,0,5,1,0,0.0,0.0,0.0,0.0
2017-12-26 05:15:00,25.24793103448276,25.24793103448276,24.727241379310346,25.558275862068964,0.0,0.0,0.0,0.0,0.07448275862068966,0.0503448275862069,0.06103448275862069,0.09896551724137931,355.0,0.0,0.0,0.0,0,5,1,0,0.0,0.0,0.0,0.0
2017-12-26 05:30:00,25.208620689655174,25.25,24.698275862068964,25.541379310344826,0.0,0.0,0.0,0.0,0.07379310344827586,0.05137931034482759,0.061724137931034484,0.09896551724137931,355.0,0.0,0.0,0.0,0,5,1,0,0.0,0.0,0.0,0.0
2017-12-26 05:45:00,25.192068965517244,25.223103448275864,24.692068965517244,25.514827586206895,0.0,0.0,0.0,0.0,0.07551724137931035,0.0503448275862069,0.05931034482758621,0.09793103448275861,355.0,0.0,0.0,0.0,0,5,1,0,0.0,0.0,0.0,0.0
2017-12-26 06:00:00,25.19,25.216,24.666,25.471999999999998,0.0,0.0,0.0,0.0,0.075,0.049666666666666665,0.059000000000000004,0.09766666666666667,355.0,0.0,0.0,0.0,0,6,1,0,0.0,0.0,0.0,0.0
2017-12-26 06:15:00,25.19,25.19214285714286,24.63642857142857,25.44214285714286,0.0,0.0,0.0,0.0,0.07607142857142857,0.05107142857142858,0.05892857142857143,0.09714285714285716,354.64285714285717,-0.014697802197796428,0.0,0.0,0,6,1,0,0.0,0.0,0.0,0.0
2017-12-26 06:30:00,25.17551724137931,25.19,24.62034482758621,25.391379310344828,0.0,0.0,0.0,0.0,0.07586206896551725,0.04862068965517242,0.06103448275862069,0.09655172413793103,353.9655172413793,-0.019496021220163445,0.0,0.0,0,6,1,0,0.0,0.0,0.0,0.0
2017-12-26 06:45:00,25.132068965517238,25.17758620689655,24.58655172413793,25.353448275862068,0.0,0.0,0.9310344827586207,0.6896551724137931,0.07655172413793104,0.0503448275862069,0.0603448275862069,0.09896551724137931,352.2413793103448,-0.08938992042436897,0.0,0.0,0,6,1,0,0.0,0.0,0.0,0.0
2017-12-26 07:00:00,25.105862068965514,25.138275862068966,24.562413793103445,25.24586206896552,0.0,0.0,4.344827586206897,2.9310344827586206,0.07793103448275863,0.05137931034482759,0.06103448275862069,0.09793103448275861,350.17241379310343,-0.049336870026527244,0.0,0.0,0,7,1,0,0.0,0.0,0.0,0.0
2017-12-26 07:15:00,25.07689655172414,25.08655172413793,24.56,25.18793103448276,1.0344827586206897,0.9655172413793104,8.620689655172415,5.448275862068965,0.07758620689655173,0.0503448275862069,0.06310344827586208,0.09896551724137931,350.0,0.0,0.0,0.0,0,7,1,0,0.0,0.0,0.0,0.0
2017-12-26 07:30:00,25.05655172413793,25.062413793103445,24.56,25.16896551724138,2.206896551724138,2.2413793103448274,13.344827586206897,8.655172413793103,0.07689655172413792,0.052068965517241377,0.061724137931034484,0.09689655172413793,350.0,0.0,0.0,0.0,0,7,1,0,0.0,0.0,0.0,0.0
2017-12-26 07:45:00,25.053793103448275,25.05206896551724,24.562413793103445,25.057931034482756,3.586206896551724,3.689655172413793,18.96551724137931,13.310344827586206,0.07655172413793104,0.051034482758620686,0.06379310344827586,0.09758620689655173,350.0,0.0,0.0,0.0,0,7,1,0,0.0,0.0,0.0,0.0
2017-12-26 08:00:00,25.062413793103445,25.039310344827587,24.564827586206896,25.064827586206896,4.896551724137931,4.9655172413793105,24.482758620689655,16.93103448275862,0.07758620689655173,0.05275862068965517,0.06137931034482759,0.09827586206896552,350.0,0.0,0.0,0.0,0,8,1,0,0.0,0.0,0.0,0.0
2017-12-26 08:15:00,25.06,25.06,24.596206896551724,25.198275862068964,5.0,5.275862068965517,28.96551724137931,19.896551724137932,0.07689655172413792,0.05241379310344828,0.06310344827586208,0.09965517241379311,350.0,0.0,0.0,0.0,0,8,1,0,0.0,0.0,0.0,0.0
2017-12-26 08:30:00,25.073999999999998,25.062666666666665,24.63,25.290000000000003,5.966666666666667,6.0,31.8,21.733333333333334,0.082,0.05500000000000001,0.06666666666666667,0.09833333333333334,350.0,0.0,0.0,0.0,0,8,1,0,0.0,0.0,0.0,0.0
2017-12-26 08:45:00,25.091379310344827,25.08655172413793,24.650689655172414,25.341724137931035,6.0,6.0344827586206895,32.275862068965516,21.20689655172414,0.07896551724137932,0.05275862068965517,0.06448275862068965,0.09965517241379311,350.0,0.0,0.0,0.0,0,8,1,0,0.0,0.0,0.0,0.0
2017-12-26 09:00:00,25.078421052631576,25.096842105263157,24.67105263157895,25.262631578947367,6.0,6.315789473684211,33.10526315789474,21.63157894736842,0.07736842105263157,0.05157894736842105,0.06368421052631579,0.09947368421052633,350.0,0.0,0.0,0.0,0,9,1,0,0.0,0.0,0.0,0.0
2018-01-10 15:15:00,25.5,25.724444444444444,25.356666666666666,25.636666666666667,10.0,12.0,55.666666666666664,35.333333333333336,0.37555555555555553,0.3933333333333333,0.5011111111111111,0.15111111111111108,370.0,0.717948717948,0.5555555555555556,0.4444444444444444,3,15,2,0,0.0,0.0,0.0,0.0
2018-01-10 15:30:00,25.561379310344826,26.101034482758617,25.444137931034483,25.681724137931035,10.0,10.689655172413794,49.86206896551724,33.6551724137931,0.3275862068965517,0.39413793103448275,0.1986206896551724,0.11241379310344829,372.0689655172414,0.544297082228493,0.27586206896551724,0.5862068965517241,3,15,2,0,0.0,0.0,0.0,0.375
2018-01-10 15:45:00,25.663103448275862,26.37206896551724,25.533103448275863,25.731379310344828,9.10344827586207,9.172413793103448,46.55172413793103,30.482758620689655,0.3510344827586207,0.8055172413793104,0.2537931034482759,0.14413793103448275,405.0,1.3766578249338965,0.8620689655172413,0.9655172413793104,3,15,2,0,0.0,0.0,0.0,0.75
2018-01-10 16:00:00,25.716896551724137,26.19103448275862,25.604482758620687,25.789310344827587,7.413793103448276,7.241379310344827,32.96551724137931,26.275862068965516,0.17862068965517242,0.5486206896551724,0.22448275862068964,0.11172413793103447,481.55172413793105,2.4988063660472415,0.4827586206896552,0.5862068965517241,3,16,2,0,0.0,0.0,0.0,1.125
2018-01-10 16:15:00,25.766551724137933,26.06758620689655,25.69,25.841379310344827,5.344827586206897,6.689655172413793,29.586206896551722,22.0,0.5420689655172414,0.18586206896551727,0.1617241379310345,0.12137931034482759,571.0344827586207,3.3543766578244827,0.2413793103448276,0.41379310344827586,3,16,2,0,3.0,0.0,0.0,1.5
2018-01-10 16:30:00,25.807931034482756,26.090689655172415,25.733448275862067,25.848620689655174,4.413793103448276,4.793103448275862,28.655172413793103,16.310344827586206,0.23517241379310347,0.25931034482758625,0.21793103448275863,0.10689655172413794,663.448275862069,3.2079575596827588,0.6206896551724138,0.7586206896551724,3,16,2,0,3.0,0.0,0.0,1.875
2018-01-10 16:45:00,25.848620689655174,26.055862068965517,25.75206896551724,25.913103448275862,2.9655172413793105,3.3793103448275863,18.03448275862069,12.0,0.43103448275862066,0.2596551724137931,0.21827586206896551,0.12724137931034482,741.551724137931,2.4805039787796552,0.6551724137931034,0.7931034482758621,3,16,2,0,3.0,0.0,0.0,2.25
2018-01-10 17:00:00,25.914285714285715,26.11428571428571,25.788928571428574,25.937857142857144,140.78571428571428,224.46428571428572,172.64285714285714,23.571428571428573,0.29607142857142854,0.32107142857142856,0.29321428571428576,0.1407142857142857,789.6428571428571,1.595054945055,0.7857142857142857,0.8214285714285714,3,17,2,0,3.0,0.0,0.0,2.625
2018-01-10 17:15:00,25.94,26.163999999999998,25.84733333333333,25.938,146.33333333333334,231.13333333333333,173.43333333333334,20.6,0.27799999999999997,0.4716666666666667,0.551,0.1716666666666667,813.6666666666666,0.7102564102567234,0.6666666666666666,0.7666666666666667,2,17,2,0,3.0,3.0,0.0,3.0
2018-01-10 17:30:00,25.944137931034483,26.21275862068966,25.86551724137931,25.95034482758621,143.68965517241378,228.44827586206895,85.65517241379311,13.137931034482758,0.36379310344827587,0.5496551724137931,0.5327586206896552,0.16551724137931034,838.448275862069,0.8660477453580517,0.6896551724137931,0.6551724137931034,3,17,2,0,3.0,3.0,0.0,2.875
2018-01-10 17:45:00,25.960689655172413,26.244137931034484,25.76241379310345,25.96896551724138,117.51724137931035,188.06896551724137,4.344827586206897,5.310344827586207,0.536896551724138,0.5444827586206897,0.2306896551724138,0.15758620689655173,838.6206896551724,0.051326259947031036,0.6551724137931034,0.5862068965517241,2,17,2,0,3.0,3.0,0.0,2.875
2018-01-10 18:00:00,25.900344827586206,26.115172413793104,25.652413793103445,25.906896551724138,0.0,0.0,0.0,0.0,0.09758620689655173,0.0496551724137931,0.06,0.08758620689655172,823.7931034482758,-0.6599469496025279,0.0,0.0,0,18,2,0,3.0,3.0,0.0,2.75
2018-01-10 18:15:00,25.79965517241379,25.942068965517244,25.533793103448275,25.829310344827583,0.0,0.0,0.0,0.0,0.08517241379310346,0.055172413793103454,0.06655172413793103,0.08655172413793102,766.8965517241379,-2.0590185676393102,0.0,0.0,0,18,2,0,2.0,3.0,0.0,2.375
2018-01-10 18:30:00,25.732000000000003,25.814666666666664,25.446,25.788,0.0,0.0,0.0,0.0,0.07200000000000001,0.049,0.05633333333333333,0.08666666666666667,713.0,-1.7212820512816667,0.0,0.0,0,18,2,0,3.0,3.0,0.0,2.0
2018-01-10 18:45:00,25.687857142857144,25.732857142857142,25.37642857142857,25.745714285714286,0.0,0.0,0.0,0.0,0.07750000000000001,0.055,0.06535714285714286,0.08785714285714286,649.2857142857143,-2.221016483516786,0.0,0.0,0,18,2,0,2.0,3.0,0.0,1.625
2018-01-10 19:00:00,25.636206896551723,25.66103448275862,25.31758620689655,25.723103448275864,0.0,0.0,0.0,0.0,0.07862068965517242,0.057241379310344835,0.06758620689655172,0.08620689655172414,610.6896551724138,-1.3640583554368275,0.0,0.0,0,19,2,0,0.0,3.0,0.0,1.25
2018-01-10 19:15:00,25.604333333333333,25.62066666666667,25.284,25.696,0.0,0.0,0.0,0.0,0.07333333333333333,0.049666666666666665,0.05566666666666666,0.08733333333333333,552.0,-2.124358974359333,0.0,0.0,0,19,2,0,0.0,2.0,0.0,0.875
2018-01-10 19:30:00,25.567241379310342,25.560344827586206,25.23758620689655,25.66103448275862,0.0,0.0,0.0,0.0,0.07586206896551725,0.04689655172413793,0.05551724137931035,0.08655172413793102,496.7241379310345,-1.7697612732096553,0.0,0.0,0,19,2,0,0.0,3.0,0.0,0.625
2018-01-10 19:45:00,25.54758620689655,25.522758620689654,25.196206896551725,25.62724137931034,0.0,0.0,0.0,0.0,0.08344827586206897,0.061724137931034484,0.07068965517241378,0.09413793103448276,456.8965517241379,-1.4127320954908966,0.0,0.0,0,19,2,0,0.0,2.0,0.0,0.25
2018-01-10 20:00:00,25.518620689655172,25.5,25.17758620689655,25.636206896551723,0.0,0.0,0.0,0.0,0.07379310344827586,0.0496551724137931,0.05551724137931035,0.08758620689655172,411.7241379310345,-1.440185676392069,0.0,0.0,0,20,2,0,0.0,0.0,0.0,0.0
2018-01-10 20:15:00,25.50206896551724,25.479310344827585,25.15896551724138,25.622758620689652,0.0,0.0,0.0,0.0,0.07275862068965519,0.04448275862068966,0.05586206896551724,0.08448275862068966,388.1034482758621,-0.7561007957554483,0.0,0.0,0,20,2,0,0.0,0.0,0.0,0.0
2018-01-10 20:30:00,25.492,25.44,25.125333333333334,25.613666666666667,0.0,0.0,0.0,0.0,0.07200000000000001,0.04666666666666667,0.057,0.087,383.1666666666667,-0.15666666666668666,0.0,0.0,0,20,2,0,0.0,0.0,0.0,0.0
2018-01-10 20:45:00,25.47214285714286,25.44,25.0825,25.574999999999996,0.0,0.0,0.0,0.0,0.0717857142857143,0.0475,0.05535714285714286,0.08571428571428572,378.57142857142856,-0.15027472527472144,0.0,0.0,0,20,2,0,0.0,0.0,0.0,0.0
2018-01-10 21:00:00,25.442068965517244,25.435862068965516,25.067241379310342,25.556206896551725,0.0,0.0,0.0,0.0,0.07344827586206898,0.04620689655172414,0.054137931034482764,0.08517241379310345,373.1034482758621,-0.1998673740052414,0.0,0.0,0,21,2,0,0.0,0.0,0.0,0.0
2018-01-10 21:15:00,25.398,25.408,25.055999999999997,25.516000000000002,0.0,0.0,0.0,0.0,0.08733333333333333,0.04700000000000001,0.057666666666666665,0.08566666666666665,369.5,-0.10192307692310668,0.0,0.0,0,21,2,0,0.0,0.0,0.0,0.0
2018-01-10 21:30:00,25.37758620689655,25.394482758620686,25.026896551724136,25.506206896551724,0.0,0.0,0.0,0.0,0.07344827586206898,0.04758620689655173,0.05758620689655172,0.08689655172413793,364.6551724137931,-0.17559681697614826,0.0,0.0,0,21,2,0,0.0,0.0,0.0,0.0
2018-01-10 21:45:00,25.36068965517241,25.38,25.00206896551724,25.49586206896552,0.0,0.0,0.0,0.0,0.08793103448275863,0.04689655172413793,0.055172413793103454,0.08482758620689655,360.0,-0.16021220159163102,0.0,0.0,0,21,2,0,0.0,0.0,0.0,0.0
2018-01-10 22:00:00,25.338965517241377,25.37034482758621,24.993793103448276,25.45655172413793,0.0,0.0,0.0,0.0,0.07172413793103448,0.04655172413793104,0.05586206896551724,0.08413793103448276,357.2413793103448,-0.12506631299735171,0.0,0.0,0,22,2,0,0.0,0.0,0.0,0.0
2018-01-10 22:15:00,25.319655172413793,25.36551724137931,24.985517241379313,25.454482758620692,0.0,0.0,0.0,0.0,0.07310344827586207,0.04413793103448276,0.05551724137931035,0.08724137931034483,354.6551724137931,-0.051989389920372414,0.0,0.0,0,22,2,0,0.0,0.0,0.0,0.0
2018-01-10 22:30:00,25.310333333333332,25.335666666666665,24.94,25.43,0.0,0.0,0.0,0.0,0.07533333333333334,0.04566666666666667,0.05566666666666666,0.08566666666666665,350.5,-0.16217948717941003,0.0,0.0,0,22,2,0,0.0,0.0,0.0,0.0
2018-01-10 22:45:00,25.30785714285714,25.31,24.94,25.420714285714286,0.0,0.0,0.0,0.0,0.07250000000000001,0.046071428571428576,0.054642857142857146,0.08714285714285715,347.32142857142856,-0.11717032967028572,0.0,0.0,0,22,2,0,0.0,0.0,0.0,0.0
2018-01-10 23:00:00,25.299285714285713,25.3125,24.925,25.420714285714286,0.0,0.0,0.0,0.0,0.07107142857142858,0.045714285714285714,0.05357142857142857,0.0875,345.0,-0.06140109890107143,0.0,0.0,0,23,2,0,0.0,0.0,0.0,0.0
2018-01-10 23:15:00,25.267999999999997,25.308,24.908,25.401999999999997,0.0,0.0,0.0,0.0,0.07433333333333333,0.04633333333333334,0.05433333333333334,0.08833333333333333,345.0,0.0,0.0,0.0,0,23,2,0,0.0,0.0,0.0,0.0
2018-01-10 23:30:00,25.254285714285714,25.31,24.888571428571428,25.388571428571428,0.0,0.0,0.0,0.0,0.07107142857142858,0.044642857142857144,0.055,0.08714285714285715,345.0,0.0,0.0,0.0,0,23,2,0,0.0,0.0,0.0,0.0
2018-01-10 23:45:00,25.252,25.296,24.88,25.34033333333333,0.0,0.0,0.0,0.0,0.07666666666666667,0.050333333333333334,0.059000000000000004,0.08633333333333333,345.0,0.0,0.0,0.0,0,23,2,0,0.0,0.0,0.0,0.0
2018-01-11 00:00:00,25.241724137931033,25.264482758620687,24.86793103448276,25.350689655172413,0.0,0.0,0.0,0.0,0.07241379310344828,0.04517241379310345,0.05482758620689655,0.08517241379310345,345.0,0.0,0.0,0.0,0,0,3,0,0.0,0.0,0.0,0.0
2018-01-11 00:15:00,25.235517241379313,25.256206896551724,24.829310344827583,25.339310344827584,0.0,0.0,0.0,0.0,0.07103448275862069,0.04551724137931035,0.05586206896551724,0.08689655172413793,345.0,0.0,0.0,0.0,0,0,3,0,0.0,0.0,0.0,0.0
2018-01-11 00:30:00,25.227241379310346,25.258275862068967,24.819655172413793,25.319655172413793,0.0,0.0,0.0,0.0,0.0703448275862069,0.043448275862068966,0.05551724137931035,0.08551724137931034,345.0,0.0,0.0,0.0,0,0,3,0,0.0,0.0,0.0,0.0
2018-01-11 00:45:00,25.204482758620692,25.25413793103448,24.807931034482756,25.303793103448275,0.0,0.0,0.0,0.0,0.0696551724137931,0.04517241379310345,0.055172413793103454,0.08482758620689655,345.0,0.0,0.0,0.0,0,0,3,0,0.0,0.0,0.0,0.0
2018-01-11 01:00:00,25.194137931034483,25.243793103448276,24.791379310344826,25.28344827586207,0.0,0.0,0.0,0.0,0.07103448275862069,0.04413793103448276,0.05586206896551724,0.08551724137931034,345.0,0.0,0.0,0.0,0,1,3,0,0.0,0.0,0.0,0.0
2018-01-11 01:15:00,25.192,25.244000000000003,24.779999999999998,25.276,0.0,0.0,0.0,0.0,0.07033333333333334,0.046000000000000006,0.05366666666666667,0.08566666666666665,345.0,0.0,0.0,0.0,0,1,3,0,0.0,0.0,0.0,0.0
2018-01-11 01:30:00,25.179285714285715,25.215714285714284,24.752142857142854,25.245714285714286,0.0,0.0,0.0,0.0,0.07250000000000001,0.044642857142857144,0.05607142857142857,0.0882142857142857,345.0,0.0,0.0,0.0,0,1,3,0,0.0,0.0,0.0,0.0
2018-01-11 01:45:00,25.182000000000002,25.233999999999998,24.75,25.266000000000002,0.0,0.0,0.0,0.0,0.07,0.045000000000000005,0.057,0.08466666666666667,345.0,0.0,0.0,0.0,0,1,3,0,0.0,0.0,0.0,0.0
2018-01-11 02:00:00,25.192068965517244,25.204482758620692,24.739655172413794,25.26241379310345,0.0,0.0,0.0,0.0,0.0706896551724138,0.04448275862068966,0.05482758620689655,0.08344827586206896,345.0,0.0,0.0,0.0,0,2,3,0,0.0,0.0,0.0,0.0
2018-01-11 02:15:00,25.19,25.194137931034483,24.741724137931033,25.260344827586206,0.0,0.0,0.0,0.0,0.0713793103448276,0.04482758620689655,0.05586206896551724,0.08689655172413793,345.0,0.0,0.0,0.0,0,2,3,0,0.0,0.0,0.0,0.0
2018-01-11 02:30:00,25.185862068965516,25.19,24.710689655172413,25.241724137931033,0.0,0.0,0.0,0.0,0.07241379310344828,0.04310344827586207,0.05482758620689655,0.08379310344827587,345.0,0.0,0.0,0.0,0,2,3,0,0.0,0.0,0.0,0.0
2018-01-11 02:45:00,25.19,25.18793103448276,24.710689655172413,25.258275862068967,0.0,0.0,0.0,0.0,0.0703448275862069,0.04413793103448276,0.055172413793103454,0.08379310344827587,345.0,0.0,0.0,0.0,0,2,3,0,0.0,0.0,0.0,0.0
2018-01-11 03:00:00,25.19,25.19,24.696206896551725,25.25413793103448,0.0,0.0,0.0,0.0,0.07,0.04551724137931035,0.05655172413793104,0.08724137931034483,345.0,0.0,0.0,0.0,0,3,3,0,0.0,0.0,0.0,0.0
2018-01-11 03:15:00,25.179655172413796,25.19,24.69,25.289310344827587,0.0,0.0,0.0,0.0,0.07241379310344828,0.04551724137931035,0.05448275862068966,0.08551724137931034,345.0,0.0,0.0,0.0,0,3,3,0,0.0,0.0,0.0,0.0
2018-01-11 03:30:00,25.181724137931035,25.185862068965516,24.692068965517244,25.295517241379308,0.0,0.0,0.0,0.0,0.07999999999999999,0.04413793103448276,0.055172413793103454,0.08344827586206896,345.0,0.0,0.0,0.0,0,3,3,0,0.0,0.0,0.0,0.0
2018-01-11 03:45:00,25.174,25.178,24.68,25.266000000000002,0.0,0.0,0.0,0.0,0.07866666666666666,0.045000000000000005,0.05466666666666667,0.084,345.0,0.0,0.0,0.0,0,3,3,0,0.0,0.0,0.0,0.0
2018-01-11 04:00:00,25.17758620689655,25.16103448275862,24.6651724137931,25.258275862068967,0.0,0.0,0.0,0.0,0.07827586206896552,0.04620689655172414,0.05448275862068966,0.08275862068965517,345.0,0.0,0.0,0.0,0,4,3,0,0.0,0.0,0.0,0.0
2018-01-11 04:15:00,25.16,25.16,24.649285714285714,25.275714285714287,0.0,0.0,0.0,0.0,0.07892857142857143,0.046071428571428576,0.054642857142857146,0.08357142857142856,345.0,0.0,0.0,0.0,0,4,3,0,0.0,0.0,0.0,0.0
2018-01-11 04:30:00,25.16,25.136,24.636,25.254,0.0,0.0,0.0,0.0,0.07866666666666666,0.046000000000000006,0.057,0.08433333333333333,345.0,0.0,0.0,0.0,0,4,3,0,0.0,0.0,0.0,0.0
2018-01-11 04:45:00,25.152758620689653,25.136206896551723,24.632068965517238,25.25,0.0,0.0,0.0,0.0,0.07758620689655173,0.04517241379310345,0.05482758620689655,0.08310344827586208,345.0,0.0,0.0,0.0,0,4,3,0,0.0,0.0,0.0,0.0
2018-01-11 05:00:00,25.136,25.13,24.631999999999998,25.244000000000003,0.0,0.0,0.0,0.0,0.078,0.043666666666666666,0.05533333333333333,0.08133333333333333,345.0,0.0,0.0,0.0,0,5,3,0,0.0,0.0,0.0,0.0
2018-01-11 05:15:00,25.132142857142856,25.13,24.625,25.228571428571428,0.0,0.0,0.0,0.0,0.0775,0.045714285714285714,0.05392857142857143,0.08535714285714287,345.0,0.0,0.0,0.0,0,5,3,0,0.0,0.0,0.0,0.0
2018-01-11 05:30:00,25.132068965517238,25.13,24.608275862068965,25.210689655172413,0.0,0.0,0.0,0.0,0.07862068965517242,0.04551724137931035,0.055172413793103454,0.08275862068965517,345.0,0.0,0.0,0.0,0,5,3,0,0.0,0.0,0.0,0.0
2018-01-11 05:45:00,25.127666666666663,25.118333333333332,24.56933333333333,25.2,0.0,0.0,0.0,0.0,0.07666666666666667,0.04533333333333334,0.05433333333333334,0.08466666666666667,345.0,0.0,0.0,0.0,0,5,3,0,0.0,0.0,0.0,0.0
2018-01-11 06:00:00,25.13,25.108275862068965,24.562413793103445,25.19,0.0,0.0,0.0,0.0,0.07896551724137932,0.04551724137931035,0.05344827586206897,0.08206896551724138,345.0,0.0,0.0,0.0,0,6,3,0,0.0,0.0,0.0,0.0
2018-01-11 06:15:00,25.125,25.0825,24.5625,25.187857142857144,0.0,0.0,0.0,0.0,0.07857142857142858,0.04642857142857143,0.054285714285714284,0.08571428571428572,345.0,0.0,0.0,0.0,0,6,3,0,0.0,0.0,0.0,0.0
2018-01-11 06:30:00,25.092666666666666,25.073999999999998,24.554,25.19,0.0,0.0,0.0,0.0,0.07933333333333333,0.04566666666666667,0.05366666666666667,0.084,345.0,0.0,0.0,0.0,0,6,3,0,0.0,0.0,0.0,0.0
2018-01-11 06:45:00,25.079310344827583,25.064827586206896,24.54965517241379,25.19,0.0,0.0,0.3103448275862069,0.20689655172413793,0.07896551724137932,0.04758620689655173,0.05482758620689655,0.08517241379310346,345.0,0.0,0.0,0.0,0,6,3,0,0.0,0.0,0.0,0.0
2018-01-11 07:00:00,25.064666666666664,25.06,24.552,25.176,0.0,0.0,3.533333333333333,2.066666666666667,0.079,0.04766666666666667,0.05733333333333333,0.08600000000000001,345.0,0.0,0.0,0.0,0,7,3,0,0.0,0.0,0.0,0.0
2018-01-11 07:15:00,25.06,25.06,24.544999999999998,25.157857142857143,0.7142857142857143,0.7142857142857143,7.357142857142857,4.678571428571429,0.07928571428571429,0.046071428571428576,0.05535714285714286,0.08357142857142856,345.0,0.0,0.0,0.0,0,7,3,0,0.0,0.0,0.0,0.0
2018-01-11 07:30:00,25.067241379310342,25.062413793103445,24.535172413793102,25.156896551724138,1.7586206896551724,1.7586206896551724,11.724137931034482,7.0,0.07999999999999999,0.04586206896551724,0.05379310344827586,0.08551724137931034,345.0,0.0,0.0,0.0,0,7,3,0,0.0,0.0,0.0,0.0
2018-01-11 07:45:00,25.064666666666664,25.06,24.55,25.113,3.466666666666667,3.7666666666666666,17.866666666666667,12.633333333333333,0.079,0.046000000000000006,0.053000000000000005,0.08499999999999999,345.0,0.0,0.0,0.0,0,7,3,0,0.0,0.0,0.0,0.0
2018-01-11 08:00:00,25.091379310344827,25.04965517241379,24.567241379310342,25.125172413793102,5.0,5.0344827586206895,25.344827586206897,17.551724137931036,0.07827586206896552,0.04413793103448276,0.05379310344827586,0.08413793103448276,345.0,0.0,0.0,0.0,0,8,3,0,0.0,0.0,0.0,0.0
2018-01-11 08:15:00,25.13,25.06,24.62,25.16,5.642857142857143,6.0,29.857142857142858,20.178571428571427,0.07857142857142858,0.046785714285714285,0.054285714285714284,0.08392857142857144,345.0,0.0,0.0,0.0,0,8,3,0,0.0,0.0,0.0,0.0
2018-01-11 08:30:00,25.116,25.062333333333335,24.644,25.174,6.0,6.6,31.766666666666666,20.933333333333334,0.07833333333333334,0.048666666666666664,0.05433333333333334,0.08466666666666667,345.0,0.0,0.0,0.0,0,8,3,0,0.0,0.0,0.0,0.0
2018-01-11 08:45:00,25.104999999999997,25.09,24.672857142857143,25.21357142857143,6.0,7.0,33.142857142857146,21.571428571428573,0.08107142857142857,0.050357142857142864,0.05928571428571428,0.08392857142857144,345.0,0.0,0.0,0.0,0,8,3,0,0.0,0.0,0.0,0.0
2018-01-11 09:00:00,25.13,25.06,24.69,25.25,6.0,7.0,34.0,22.0,0.08,0.05,0.06,0.08,345.0,0.0,0.0,0.0,0,9,3,0,0.0,0.0,0.0,0.0
